is_immoral,intensity,불평/불만,환영/호의,감동/감탄,지긋지긋,고마움,슬픔,화남/분노,존경,기대감,우쭐댐/무시함,안타까움/실망,비장함,의심/불신,뿌듯함,편안/쾌적,신기함/관심,아껴주는,부끄러움,공포/무서움,절망,한심함,역겨움/징그러움,짜증,어이없음,없음,패배/자기혐오,귀찮음,힘듦/지침,즐거움/신남,깨달음,죄책감,증오/혐오,흐뭇함(귀여움/예쁨),당황/난처,경악,부담/안_내킴,서러움,재미없음,불쌍함/연민,놀람,행복,불안/걱정,기쁨,안심/신뢰,DISCRIMINATION,HATE,CENSURE,VIOLENCE,CRIME,SEXUAL,ABUSE
0.41644928,0.38642448,0.5475122,0.35039115,0.37700352,0.46491036,0.5279519,0.40854982,0.4298693,0.4480308,0.5825555,0.5892129,0.41787216,0.51627654,0.5676618,0.5913696,0.40470943,0.54486805,0.542624,0.39535376,0.3865916,0.5494725,0.5314415,0.44129246,0.4478581,0.51285034,0.6061222,0.4704736,0.4745738,0.645323,0.39087334,0.431545,0.54140085,0.44480887,0.45640436,0.37663245,0.5918928,0.4631249,0.4390359,0.49309853,0.5479385,0.49704802,0.4996605,0.5565871,0.34544563,0.4127005,0.5417406,0.46444765,0.4270553,0.3972143,0.45348513,0.5524407,0.36061636
0.45697755,0.45282775,0.55916727,0.5626508,0.35893217,0.5839988,0.5577963,0.45504105,0.4072913,0.39648774,0.49032673,0.5725399,0.45462778,0.379116,0.49420202,0.64655155,0.3751521,0.45611563,0.52708524,0.6009765,0.43287918,0.49889553,0.4358219,0.49318156,0.6090948,0.43727916,0.5404202,0.5308425,0.4057864,0.45176688,0.32574767,0.47564223,0.5072722,0.43615395,0.41865596,0.5230484,0.40606335,0.63680667,0.40856403,0.51582766,0.5318178,0.50152004,0.68381417,0.53587085,0.43916562,0.44547066,0.4156766,0.4128093,0.48434225,0.35387957,0.44324544,0.6371753,0.4236934
0.5640079,0.3894364,0.47747287,0.62645113,0.4842496,0.5736825,0.5379189,0.36438984,0.49968693,0.47341773,0.5054945,0.44626954,0.535548,0.4983982,0.45965675,0.4803046,0.47929358,0.5021914,0.38914928,0.5752127,0.547537,0.61311287,0.34818494,0.4886856,0.57690734,0.43897387,0.42275468,0.48441324,0.5745641,0.5316128,0.5635324,0.49229014,0.4731762,0.5077201,0.56426597,0.3681724,0.44498244,0.65240383,0.519712,0.45673645,0.37099054,0.36024255,0.5422056,0.6078415,0.5035953,0.48676488,0.3199299,0.5008327,0.54307526,0.35228643,0.36664617,0.4701576,0.51796955
0.5018589,0.45805487,0.37810296,0.66702557,0.32366234,0.4661839,0.5734442,0.5286394,0.3533643,0.5215898,0.4228569,0.57560927,0.46454212,0.40315542,0.5321839,0.47321898,0.4643846,0.43615073,0.4834373,0.46667156,0.42284244,0.48385224,0.431852,0.47829297,0.51486516,0.44135824,0.39867952,0.46721756,0.5871583,0.6048576,0.4934524,0.4231197,0.49816296,0.4434749,0.5197925,0.45654684,0.4660665,0.5106078,0.53149694,0.5862397,0.3672545,0.5950134,0.4996868,0.5619595,0.54746866,0.46896076,0.3113398,0.52884847,0.4546474,0.36523107,0.4782462,0.3898392,0.39989552
0.48162758,0.3648944,0.34836835,0.48552006,0.45142558,0.44958246,0.42324334,0.48524696,0.4914543,0.53862035,0.45412943,0.5783308,0.488429,0.5051375,0.51714444,0.6147626,0.58861387,0.53019685,0.4735777,0.5469468,0.5349147,0.5061207,0.49880198,0.39919814,0.4776487,0.4802122,0.50579214,0.69047326,0.5847887,0.65015274,0.46733275,0.45629686,0.5965934,0.3974133,0.5194041,0.5823298,0.48751584,0.63874847,0.46469176,0.5953746,0.35380265,0.59864104,0.43784803,0.56446356,0.48598126,0.42713892,0.4891545,0.47662133,0.42720768,0.35194418,0.46485212,0.4030336,0.4408207
0.4492202,0.45625153,0.5314895,0.43046826,0.38008747,0.3371084,0.56065017,0.5217468,0.52532613,0.53908277,0.51124996,0.50892335,0.5832083,0.558849,0.4075134,0.52881473,0.5257582,0.4637468,0.41554448,0.47985718,0.5495162,0.48903698,0.5155525,0.43557462,0.51945186,0.39889172,0.47010645,0.5872467,0.5246952,0.5801623,0.5752454,0.4472023,0.4726528,0.42926294,0.45541063,0.4217302,0.4705669,0.5216344,0.45090413,0.65400374,0.44603,0.456288,0.36574855,0.5712401,0.5574716,0.45623446,0.35564044,0.50139195,0.3143321,0.3167816,0.4129486,0.5302028,0.4594283
0.52012175,0.43996397,0.4537655,0.3782249,0.4141473,0.44689518,0.5804171,0.4569641,0.5246933,0.43608636,0.6650502,0.50603,0.46166322,0.34557456,0.44095755,0.58669007,0.518173,0.49206564,0.49810642,0.46252263,0.5351208,0.45878538,0.45313483,0.47943094,0.59540653,0.3655602,0.5275476,0.4022209,0.61997867,0.6388893,0.4600533,0.44627064,0.5070866,0.44770494,0.36664444,0.59417695,0.49878904,0.54850566,0.49063206,0.50929415,0.48413104,0.5468497,0.55211097,0.6108049,0.5030137,0.42370048,0.41119584,0.43752658,0.3755297,0.3165329,0.44287187,0.52183247,0.42733985
0.5136302,0.42870596,0.49303216,0.5648185,0.3380628,0.42039376,0.50928396,0.37994906,0.37143505,0.53337294,0.6372071,0.5225333,0.42675385,0.3179413,0.4041595,0.5036413,0.5078979,0.42456934,0.6734646,0.6222452,0.49342802,0.5171391,0.35626885,0.5602825,0.6136125,0.4126784,0.5197737,0.5373388,0.53275216,0.55456156,0.47369534,0.42197177,0.4077102,0.46266282,0.35696265,0.53716516,0.4396817,0.6235939,0.5165122,0.43533692,0.55616283,0.53659195,0.63767797,0.54770136,0.5043902,0.5364577,0.45956498,0.4653798,0.4696354,0.31308305,0.45392704,0.56161153,0.44051808
0.5356857,0.36663193,0.41489476,0.44946527,0.4802071,0.45535034,0.4875779,0.6210022,0.46918756,0.5759105,0.4155213,0.40351847,0.47953373,0.51334083,0.6455833,0.5277334,0.44746673,0.35728806,0.43678173,0.51508665,0.52377033,0.550509,0.46991128,0.4665007,0.55213,0.4265988,0.520489,0.57100457,0.59030175,0.6297282,0.51244015,0.35472968,0.70450556,0.5877127,0.47964087,0.46795258,0.5614525,0.51838785,0.5160006,0.46680155,0.41456032,0.37461272,0.57712334,0.5312717,0.47772345,0.4434294,0.42301124,0.38699016,0.34286517,0.3927604,0.4729967,0.5175122,0.41733778
0.56516033,0.40129253,0.39582348,0.49297526,0.4713515,0.56085473,0.4733393,0.58084905,0.4999392,0.52622783,0.50125194,0.51669973,0.57951707,0.5763036,0.5694508,0.49373296,0.54496557,0.43623024,0.4333879,0.5100652,0.48937628,0.53319365,0.58030283,0.4750556,0.4264437,0.41862386,0.478315,0.5797559,0.5426849,0.5526703,0.44222638,0.4749535,0.6212779,0.56014436,0.47632676,0.5136676,0.4853714,0.5811117,0.42297596,0.5315069,0.34858677,0.4684114,0.616852,0.5521931,0.6466815,0.43651062,0.37962514,0.43711147,0.4450479,0.30513072,0.41984525,0.43468967,0.52700055
0.44268963,0.52081656,0.4516868,0.4307999,0.47028494,0.50890535,0.47568014,0.54535604,0.49274865,0.5341705,0.49116552,0.46877035,0.4242383,0.48389912,0.44271368,0.44717705,0.5448204,0.5529269,0.45407555,0.5319726,0.5594645,0.49083352,0.6202816,0.5559398,0.47219786,0.5792871,0.5420198,0.5901544,0.52705634,0.4548387,0.46970668,0.49807996,0.5074808,0.5219116,0.5081323,0.44532678,0.46292967,0.61703354,0.5096236,0.45787916,0.40284163,0.5468422,0.57062995,0.5559814,0.4382304,0.48340687,0.40774104,0.5032989,0.446158,0.50151986,0.550686,0.41175613,0.4228127
0.44711086,0.57139146,0.5619678,0.57649046,0.5489722,0.5158473,0.41373888,0.607826,0.4883131,0.5493485,0.42296,0.48814085,0.50468963,0.57588583,0.4877699,0.45973423,0.37363255,0.44630787,0.5793781,0.45109493,0.36090803,0.50321096,0.46718627,0.49192697,0.6165766,0.50040203,0.44175586,0.4657174,0.52908516,0.52173334,0.43174493,0.44015294,0.45353353,0.59450626,0.4666916,0.5025811,0.4247042,0.5262574,0.4931219,0.57383263,0.5263954,0.5089436,0.59082043,0.56153893,0.5619887,0.5133861,0.38269386,0.3907832,0.4342728,0.43634075,0.49656737,0.60548174,0.38063425
0.5197285,0.5146358,0.39065796,0.5016164,0.47791845,0.52512354,0.46801692,0.5879782,0.51211834,0.5760645,0.5313524,0.5205916,0.41102687,0.41584703,0.4965685,0.5198625,0.5090525,0.4591731,0.41040775,0.422761,0.47443667,0.5008594,0.5998985,0.49956772,0.5533343,0.3881775,0.5330234,0.4251058,0.5603698,0.5897744,0.4842076,0.42480245,0.46792054,0.6050548,0.54317296,0.548488,0.5328899,0.4899098,0.4244666,0.5796578,0.4832045,0.53210896,0.64539784,0.6184602,0.6292837,0.44144917,0.3997269,0.42846856,0.5685708,0.40200007,0.48250833,0.5158497,0.420122
0.45250583,0.4019816,0.54069936,0.38144156,0.4290144,0.52292234,0.45752853,0.41219348,0.49288425,0.4379006,0.54703116,0.6258874,0.34703058,0.45823097,0.39492866,0.46419,0.41549665,0.43143305,0.52656263,0.59476995,0.6196575,0.4683622,0.44978476,0.59210616,0.44711533,0.41552055,0.41728222,0.46405628,0.41131786,0.57777053,0.3604823,0.42607075,0.5148761,0.5312851,0.42541394,0.4106185,0.516717,0.649183,0.50719017,0.50050694,0.46570736,0.47907078,0.6654033,0.57550675,0.46766156,0.45890835,0.5179496,0.47745204,0.45545304,0.34884572,0.40894145,0.5667394,0.52021
0.39356574,0.46393877,0.48579898,0.48709536,0.40107045,0.40644443,0.3846753,0.47903156,0.39144212,0.5402897,0.49204826,0.590566,0.52980363,0.47136736,0.48376814,0.5545237,0.49248248,0.3333329,0.38680458,0.5784726,0.52707833,0.45048174,0.46711636,0.49647838,0.4151506,0.39840922,0.45304728,0.52754086,0.61312836,0.6485406,0.422414,0.51328546,0.4636771,0.54874724,0.5429197,0.52874285,0.6146629,0.6634278,0.5265541,0.5364575,0.34959504,0.4941285,0.47143686,0.56670636,0.54890364,0.46354014,0.53273207,0.51474196,0.37424543,0.2505501,0.45014688,0.40551922,0.49121946
0.3758875,0.5041021,0.35705453,0.5877945,0.4746767,0.52929854,0.40293172,0.6393185,0.54444224,0.5715964,0.48893043,0.5376683,0.49204642,0.5613193,0.6009708,0.5071735,0.5892169,0.41068894,0.43218434,0.4135153,0.5094901,0.65076023,0.5641419,0.5799408,0.48617375,0.348038,0.46992502,0.40157485,0.5994581,0.61023915,0.54495686,0.4621906,0.55640763,0.5112481,0.56195056,0.41991484,0.48072076,0.48078787,0.43100932,0.42729753,0.34310976,0.66304487,0.55594915,0.6246846,0.62730485,0.42493948,0.48966798,0.52478606,0.5316394,0.4036442,0.47440755,0.39625686,0.46749184
0.47583243,0.61542207,0.48448977,0.45040977,0.4708308,0.34588516,0.53838694,0.4327358,0.6001891,0.4803236,0.4458979,0.5184829,0.57181835,0.5173903,0.39239135,0.43500605,0.5939438,0.51881784,0.41297975,0.4335504,0.5501352,0.59759516,0.43723446,0.44054982,0.51932514,0.5085482,0.40587035,0.48067906,0.55114526,0.5890751,0.5017732,0.57459795,0.51709723,0.5639413,0.45925623,0.4750767,0.5394175,0.5802971,0.5032855,0.57618695,0.42317235,0.50077856,0.55562085,0.5029186,0.708451,0.43399653,0.4486641,0.5253417,0.49622992,0.4367118,0.45084715,0.31239533,0.49638638
0.5149735,0.3921126,0.40961105,0.6118702,0.5147699,0.50783855,0.5478514,0.4849189,0.5734569,0.5614352,0.43408474,0.47089472,0.51528144,0.5189627,0.47372046,0.5852471,0.41095138,0.46855658,0.3714573,0.47356686,0.4533599,0.49661607,0.51168007,0.5831153,0.62043524,0.48053643,0.5881699,0.5536074,0.674492,0.51854515,0.45573914,0.4410777,0.56932485,0.4981418,0.4378736,0.47664863,0.5728337,0.56197256,0.5192526,0.48644152,0.3950248,0.45233917,0.6099549,0.51158404,0.6158279,0.52016485,0.40421316,0.33756122,0.40449178,0.49128938,0.41978964,0.3742602,0.4969312
0.45704094,0.4305731,0.3958781,0.65665835,0.50663173,0.4495101,0.51093537,0.6280381,0.44588,0.43045112,0.35745224,0.4515225,0.45799655,0.54530627,0.5640657,0.4756686,0.65812755,0.42479944,0.35151833,0.36541963,0.5258426,0.6157008,0.46698934,0.43392658,0.4624555,0.3856383,0.61927396,0.56657034,0.5332104,0.57800615,0.57220954,0.49971655,0.54386604,0.51778924,0.4001637,0.45714265,0.58421737,0.6113299,0.46115333,0.59432817,0.3220392,0.63294315,0.5428884,0.59064174,0.5503124,0.36048338,0.34902653,0.5935171,0.54625946,0.2503265,0.51056623,0.45573953,0.3769335
0.4752794,0.41058794,0.45426577,0.43804997,0.37336093,0.49435762,0.4645678,0.5863605,0.4331473,0.48571956,0.5826505,0.5580948,0.50237936,0.43989474,0.5201622,0.5409382,0.39197657,0.4263556,0.5154692,0.4574943,0.4313066,0.557468,0.5339893,0.527411,0.50423527,0.5333837,0.36383748,0.48816735,0.5358156,0.69538534,0.4841271,0.5682099,0.65950304,0.40784016,0.4162937,0.45341635,0.5645861,0.61824775,0.48302466,0.48236096,0.4028381,0.5142705,0.61280936,0.40933225,0.39741462,0.5164294,0.51203185,0.49721372,0.30710787,0.4893661,0.44898367,0.40049157,0.42156962
0.4179217,0.49120647,0.43784845,0.46910527,0.4225316,0.5203118,0.4892802,0.6432881,0.5421342,0.5041695,0.4495038,0.592406,0.53352106,0.50993574,0.53463584,0.45936242,0.53897625,0.4575338,0.36764187,0.5165745,0.6223359,0.5806075,0.5907106,0.44744083,0.45433733,0.4456401,0.42675784,0.5793317,0.5263956,0.6254533,0.5368751,0.5596908,0.616578,0.5849802,0.40594304,0.4915199,0.47530687,0.64135253,0.34476826,0.4918842,0.34086096,0.52674997,0.7513336,0.5019792,0.654098,0.42812416,0.4983126,0.41666552,0.4797347,0.3665594,0.50687206,0.45498013,0.42698506
0.4848245,0.42126814,0.3953273,0.52781326,0.4306933,0.45129606,0.5156953,0.5998666,0.43735382,0.5008192,0.48281804,0.52939576,0.6378612,0.3998065,0.4956036,0.45091146,0.37695098,0.36908704,0.505315,0.51905066,0.48168397,0.6281714,0.47822216,0.5463629,0.57985294,0.54494053,0.44509563,0.6342174,0.5691423,0.61684453,0.59159887,0.43499202,0.55713224,0.38482854,0.40691555,0.5959006,0.5218598,0.6194479,0.42870447,0.44353962,0.33387357,0.47723588,0.497974,0.40346655,0.4358308,0.5969925,0.34334993,0.47636864,0.3040897,0.37462744,0.5063428,0.40665162,0.4741459
0.5517459,0.37400112,0.479379,0.53365535,0.4371294,0.5614318,0.41017568,0.46863878,0.54458886,0.48301196,0.52986085,0.45073852,0.43247318,0.5601978,0.32437262,0.49831283,0.419199,0.64459467,0.51711184,0.5620783,0.52452064,0.6225886,0.58913225,0.49584368,0.49367926,0.38902935,0.57041574,0.6756672,0.5496735,0.51218325,0.47643736,0.49857795,0.4832956,0.4748314,0.547807,0.6034116,0.5595002,0.49424028,0.38530326,0.4822389,0.40465948,0.36125144,0.6734556,0.5197988,0.37016132,0.41388994,0.42799017,0.5103352,0.470367,0.40513325,0.47210154,0.43905842,0.4163572
0.51277506,0.51484984,0.5110823,0.56390387,0.36527818,0.58714,0.40738383,0.5409388,0.6092829,0.5150252,0.4878089,0.535447,0.4313886,0.50676984,0.435937,0.45928192,0.48000965,0.5898622,0.5908491,0.61338556,0.46228027,0.6203579,0.5228493,0.4944757,0.58015954,0.4626275,0.5306726,0.5946,0.5017441,0.45179778,0.5525374,0.45907804,0.54448,0.47940293,0.55584395,0.6582623,0.5099706,0.53654176,0.45764813,0.4256596,0.40267098,0.418112,0.64232755,0.4856208,0.34599462,0.30977786,0.40614146,0.49396276,0.31044096,0.48104957,0.43439856,0.47160977,0.33032265
0.52844393,0.39991456,0.50246745,0.65425664,0.3836695,0.52015704,0.43609104,0.5586827,0.6657895,0.5009411,0.55473757,0.46521944,0.5343309,0.48722452,0.44659117,0.5104334,0.49537423,0.66517574,0.47724614,0.5832868,0.46781823,0.58219695,0.4723867,0.47959644,0.5309265,0.4251489,0.60906976,0.5363292,0.5081877,0.5303477,0.54784995,0.46941838,0.5165497,0.44411924,0.62581843,0.5754969,0.49302486,0.54960877,0.41420242,0.41795477,0.52065474,0.5113601,0.61311084,0.5100338,0.5179194,0.34466615,0.32900462,0.52219665,0.53257424,0.45624354,0.43751273,0.43506813,0.30148998
0.46647072,0.42474446,0.5043561,0.45289573,0.48430187,0.5014028,0.4497767,0.4915751,0.5632504,0.50839025,0.59535486,0.5281779,0.55610853,0.5315487,0.53962773,0.47031412,0.49101114,0.4552932,0.49075186,0.42763656,0.40298715,0.5566741,0.46609467,0.37215504,0.48571867,0.43985736,0.5013589,0.5562228,0.4317697,0.6562346,0.48590434,0.43031937,0.5474604,0.4399978,0.46883878,0.4327007,0.45055172,0.5206684,0.40721232,0.5418382,0.54790807,0.46395126,0.5782598,0.5322342,0.4725199,0.38617548,0.44680968,0.5223898,0.4627083,0.3203581,0.462223,0.44420233,0.44602177
0.4012454,0.43009892,0.47289175,0.5182673,0.42296243,0.4595798,0.5654359,0.5579408,0.4750057,0.50507957,0.51183254,0.5709641,0.46225113,0.66050076,0.4255011,0.32542366,0.41984755,0.48201016,0.37102288,0.34893876,0.56773686,0.5887718,0.5703795,0.46107912,0.3886805,0.4289002,0.4017403,0.57868034,0.6114723,0.6777927,0.5679677,0.51132256,0.4508753,0.47724956,0.42893264,0.3821343,0.5823248,0.59998333,0.45866537,0.5961046,0.33758777,0.47725663,0.5755386,0.54058295,0.6248223,0.48407933,0.3658341,0.49976385,0.47917384,0.3660255,0.45221236,0.2704945,0.4650585
0.4122362,0.42765453,0.5164133,0.56320715,0.48553053,0.4392385,0.43876418,0.44471747,0.5605453,0.5141887,0.60340273,0.5499415,0.6046874,0.5905437,0.4828564,0.4540797,0.5115309,0.42497185,0.3506646,0.4587004,0.49419242,0.5901732,0.4872419,0.37083787,0.5260107,0.41570172,0.480987,0.54523116,0.64318275,0.67424077,0.5006615,0.5018938,0.5411186,0.45118663,0.49968478,0.3523402,0.53173906,0.63485837,0.45656526,0.56398916,0.40933153,0.4106659,0.5881435,0.5645722,0.48506606,0.42545933,0.4629956,0.48958915,0.41371176,0.2588704,0.34631148,0.3968594,0.5421191
0.53444594,0.4520406,0.37151882,0.6299638,0.5318485,0.6086009,0.53800124,0.45718402,0.553349,0.5377999,0.5363645,0.6591066,0.5074341,0.43591017,0.5101773,0.51591814,0.59185255,0.48501617,0.5556313,0.5656792,0.48359317,0.6153214,0.45390955,0.54578185,0.6480914,0.53220785,0.58987194,0.5076201,0.5311142,0.54157835,0.5842018,0.48861176,0.5822759,0.37578875,0.439119,0.59108174,0.45122755,0.5124623,0.38267773,0.30929944,0.48635346,0.55508584,0.61328346,0.5227265,0.37362304,0.38809693,0.43175423,0.46192104,0.32649797,0.29202545,0.473739,0.40255663,0.4183294
0.4258425,0.53039557,0.542537,0.4668513,0.44780445,0.4494013,0.48874965,0.5005357,0.5408428,0.5137214,0.45522764,0.43376046,0.46480298,0.54092795,0.51176846,0.6072929,0.5070214,0.47293526,0.597654,0.58848417,0.4422552,0.59174436,0.5611566,0.44360352,0.537079,0.45740148,0.51855683,0.6152979,0.5146329,0.5757611,0.518004,0.49283594,0.6161364,0.51417845,0.44095862,0.37717405,0.5234359,0.6979118,0.5806621,0.484296,0.54609674,0.50256115,0.712929,0.46030986,0.562515,0.3814822,0.5900126,0.42326602,0.40696752,0.516985,0.47694966,0.50103176,0.42716387
0.4823575,0.54715914,0.45685932,0.4820003,0.40690196,0.5599103,0.4424613,0.47071013,0.6012903,0.4675699,0.5343051,0.5716593,0.47623214,0.49221647,0.48505658,0.48332477,0.48339406,0.50455654,0.5445767,0.45593864,0.42244098,0.57551634,0.6198109,0.5079608,0.638452,0.49977693,0.47562,0.549789,0.5381876,0.514123,0.56134415,0.39495283,0.50119555,0.4510185,0.415561,0.51774997,0.3993955,0.6396617,0.523509,0.5247323,0.56310356,0.48342735,0.5037712,0.57360476,0.55897397,0.46670395,0.516918,0.5149038,0.4672517,0.45668274,0.5813703,0.5268063,0.3479157
0.5642216,0.43485618,0.42318612,0.5713542,0.47457063,0.48439795,0.5131415,0.5808233,0.4434034,0.37554282,0.4736426,0.41331965,0.5024402,0.41550052,0.44058037,0.5283827,0.4015051,0.514475,0.42782474,0.5072098,0.42475247,0.5916731,0.63378835,0.60807824,0.57563215,0.537462,0.44311067,0.6976627,0.45692533,0.50083655,0.47983518,0.50036824,0.6322276,0.48010436,0.36834326,0.39333874,0.4812855,0.64049155,0.48065415,0.5039879,0.5258974,0.36088514,0.5679235,0.53591233,0.5677441,0.41591555,0.50521713,0.52106017,0.4575427,0.35951263,0.4278514,0.5490599,0.44975802
0.5826892,0.4035348,0.45630386,0.50078654,0.35099417,0.47057846,0.45546556,0.39204496,0.4948577,0.40642866,0.5153321,0.52883613,0.5258378,0.46939117,0.43986255,0.6583654,0.42654395,0.50814426,0.45452657,0.47266468,0.47997916,0.5831434,0.54723036,0.54516447,0.60281014,0.42923376,0.5223594,0.56349903,0.58108574,0.44560766,0.32322583,0.4128768,0.53504235,0.48841137,0.40026098,0.50134486,0.48091775,0.62542844,0.36420035,0.50240445,0.47067404,0.40997788,0.62872547,0.5749256,0.56757474,0.4116919,0.43049675,0.37910816,0.48542377,0.36060187,0.5021924,0.6098897,0.45530125
0.60369974,0.44947463,0.38775322,0.5905691,0.6457927,0.4771474,0.4095161,0.6385657,0.571389,0.55121803,0.48437402,0.51790196,0.47689858,0.5592986,0.43962097,0.39989862,0.39500093,0.43677744,0.4599016,0.4784097,0.54504037,0.5615135,0.6012713,0.5114145,0.4936867,0.510255,0.50892204,0.68479997,0.4455873,0.4837622,0.5270834,0.54387856,0.52983356,0.3490939,0.53972,0.5090594,0.5228282,0.49338937,0.4198799,0.38628736,0.50970644,0.432233,0.5256183,0.45409954,0.5337378,0.47193784,0.40171632,0.43565327,0.39969864,0.3223937,0.44177783,0.45116082,0.59440655
0.5096797,0.4543136,0.53817374,0.5283054,0.3166673,0.47507817,0.4140594,0.5615258,0.44314724,0.55694836,0.4739637,0.61002487,0.54935384,0.4830069,0.6087126,0.545894,0.44302696,0.3988019,0.55566365,0.5881862,0.43314096,0.50729626,0.4315807,0.50523424,0.55022526,0.40672755,0.4467612,0.5256572,0.55722725,0.60541713,0.37079886,0.49595568,0.5962901,0.5247385,0.45108822,0.46948475,0.5542774,0.5486319,0.46151403,0.5652638,0.47112104,0.5435175,0.596906,0.40320766,0.484883,0.3852834,0.5168846,0.510911,0.46562934,0.36774302,0.5594292,0.5081179,0.5266465
0.48734382,0.39369053,0.3591285,0.49611756,0.4304202,0.4631662,0.39868703,0.59734046,0.45488238,0.58335197,0.45860198,0.58629197,0.5911146,0.49276218,0.62208045,0.57473373,0.47713253,0.32192716,0.6091488,0.61066264,0.42650908,0.5550213,0.43325818,0.4405622,0.4962304,0.42534783,0.44274873,0.53674424,0.60270643,0.6340316,0.5074902,0.486133,0.625629,0.45678312,0.507148,0.5753149,0.5801035,0.5916329,0.4469017,0.46911377,0.3534011,0.59650815,0.5579824,0.39936715,0.57144874,0.56990355,0.46662888,0.47050968,0.36255977,0.43118468,0.55086756,0.4050528,0.48544067
0.5418131,0.47721428,0.43431333,0.54842794,0.3564373,0.45833457,0.5103881,0.59621084,0.48884982,0.58406186,0.5858212,0.62184185,0.503699,0.3680091,0.4317053,0.47869045,0.4379041,0.4657834,0.5485166,0.6940979,0.5279975,0.5312026,0.4683263,0.52008384,0.64648724,0.59382045,0.43984935,0.5618016,0.5794982,0.5368925,0.62741005,0.55040056,0.4872784,0.42551872,0.38780224,0.59903264,0.4626764,0.63059753,0.5605553,0.43251798,0.3380675,0.5164816,0.6553425,0.4765544,0.5049706,0.46885744,0.4074486,0.46268007,0.33398047,0.5167724,0.47455925,0.4412361,0.3105782
0.39131695,0.5155469,0.49592763,0.44156295,0.44613564,0.45213214,0.52127045,0.61558855,0.4682575,0.45702475,0.43333384,0.47565642,0.51493925,0.58281475,0.4184703,0.40546685,0.48944914,0.49241114,0.5191251,0.59152675,0.48777688,0.43830973,0.4670454,0.5927969,0.45587096,0.554386,0.40420762,0.55345404,0.51705444,0.43561208,0.48755533,0.46215072,0.52721155,0.53797376,0.3784216,0.40158546,0.49363884,0.69694895,0.48268035,0.52397776,0.3568752,0.41356742,0.6891109,0.4006791,0.55302405,0.38203093,0.37443227,0.45598346,0.42868713,0.5032982,0.51802295,0.56472075,0.31725344
0.42396823,0.37347856,0.5210414,0.55649495,0.50476795,0.45061445,0.49164465,0.4062145,0.45076454,0.6037228,0.4185685,0.46361202,0.5817792,0.5860049,0.45128626,0.55789554,0.46202338,0.41741043,0.529447,0.4914908,0.5014591,0.61174357,0.5167454,0.44983414,0.58062446,0.38722876,0.5954845,0.51896405,0.6124073,0.53072387,0.5542321,0.4627701,0.5000887,0.5390829,0.441528,0.41790488,0.52042294,0.48264748,0.3553845,0.40642613,0.5305079,0.44287655,0.59259593,0.40461025,0.42636773,0.4655817,0.44022635,0.428244,0.35880283,0.35694018,0.51652896,0.53423864,0.5659379
0.5668705,0.5524982,0.41756797,0.571231,0.43775764,0.56441045,0.51278716,0.5768257,0.45630178,0.49666604,0.5420441,0.61584455,0.48811594,0.3947177,0.5711054,0.4666723,0.49562442,0.48506218,0.53834695,0.505951,0.4342773,0.4855073,0.5587281,0.4836714,0.5931335,0.48230815,0.43731263,0.53551793,0.6420501,0.628367,0.5789826,0.5463445,0.5960079,0.4729291,0.46504566,0.5319967,0.52875495,0.5317029,0.44863117,0.40259117,0.38426965,0.48397294,0.61662453,0.52179193,0.49863568,0.42110166,0.42541412,0.41476366,0.33111304,0.38659316,0.47571877,0.41098595,0.3660652
0.3928804,0.39947978,0.5239595,0.37817666,0.34040093,0.51218307,0.4524283,0.43086022,0.41356653,0.47269467,0.59359,0.5420202,0.51062304,0.40844882,0.37488008,0.5370361,0.46225578,0.518472,0.5548063,0.53286415,0.39652145,0.4557735,0.43546546,0.5064903,0.53781134,0.5473123,0.5645988,0.50684154,0.53063285,0.5539679,0.52411926,0.49109876,0.45457846,0.5233465,0.3925281,0.5446858,0.6341636,0.6333787,0.47236696,0.38029218,0.47150323,0.46288887,0.6456895,0.6532025,0.4589672,0.5159219,0.53887993,0.4344585,0.41574728,0.26859477,0.4690228,0.49450216,0.34205827
0.41958207,0.38627276,0.5320111,0.43474266,0.37847972,0.5370348,0.4546069,0.3522897,0.5023753,0.49391168,0.59483457,0.5643053,0.5449638,0.5267688,0.46326756,0.5170091,0.41520905,0.4857155,0.5655181,0.5607023,0.35925958,0.5227895,0.4497849,0.47597855,0.60226214,0.4776135,0.49176407,0.4202052,0.5214918,0.58055663,0.49136713,0.38909078,0.46627563,0.52451956,0.4888464,0.48550305,0.5164765,0.58962184,0.40732312,0.47623393,0.48716754,0.4940447,0.60677415,0.5388141,0.5651892,0.4906692,0.39450377,0.48041463,0.4405462,0.3739174,0.38562763,0.52529144,0.35295436
0.38741696,0.46474534,0.4580142,0.49922255,0.4673057,0.5987696,0.59348,0.492529,0.44212782,0.5580094,0.53863037,0.5604895,0.58108985,0.3903238,0.6596638,0.48329416,0.55913794,0.27418724,0.53900224,0.49077392,0.41435045,0.44659585,0.4185866,0.3334888,0.58117557,0.4669591,0.44776306,0.5302432,0.4808418,0.6539104,0.5338981,0.51187944,0.46429786,0.3959705,0.44806546,0.49758947,0.37944555,0.6029089,0.4355643,0.5399233,0.49718255,0.48878965,0.5120829,0.38595548,0.39703244,0.46393484,0.4665638,0.41727066,0.3565497,0.26422644,0.3976614,0.40850264,0.43437093
0.55786103,0.521842,0.4889143,0.6042249,0.523918,0.66503596,0.4144233,0.5080403,0.5845828,0.59162664,0.5964367,0.65672964,0.4836885,0.49914744,0.43836492,0.46391082,0.38626176,0.43780407,0.5435497,0.47637275,0.38705075,0.5889847,0.32374677,0.46519187,0.60438764,0.46452674,0.49078178,0.40891296,0.5057835,0.5175458,0.5326246,0.5013893,0.4461733,0.503814,0.58216465,0.5242543,0.37993705,0.5032316,0.3435145,0.48868692,0.4647711,0.51557386,0.43063095,0.5005755,0.5340561,0.51770633,0.41042182,0.44826803,0.39201105,0.34243593,0.39987227,0.34344184,0.602422
0.4945341,0.34093696,0.45372114,0.5373408,0.5161001,0.5472553,0.52494353,0.5074773,0.47118843,0.4919043,0.562963,0.60443217,0.4198636,0.45668474,0.5233452,0.44954872,0.40032953,0.52805257,0.46466476,0.58678544,0.47527146,0.5089115,0.41349664,0.55273664,0.518101,0.4699397,0.4820039,0.5252415,0.32580686,0.5698951,0.5696306,0.47639737,0.5002212,0.49197587,0.41973168,0.52635103,0.5287732,0.51350963,0.34298745,0.39054713,0.5337883,0.38927603,0.6631966,0.45160335,0.4945481,0.52209866,0.40207615,0.38772738,0.44598368,0.39167702,0.36638945,0.5822646,0.5512692
0.39706722,0.41738722,0.55835813,0.43217897,0.38179627,0.5269367,0.616773,0.5956777,0.39883628,0.4572534,0.5688563,0.5789023,0.45459732,0.54699796,0.51779056,0.5680724,0.47276148,0.43993494,0.4565536,0.50607574,0.40858495,0.44123304,0.3989541,0.50355196,0.5353914,0.4033474,0.50973797,0.5608519,0.42221326,0.6723594,0.47411597,0.41242447,0.56127006,0.53563106,0.34350014,0.5324715,0.66965795,0.5728542,0.56675607,0.5235438,0.32905075,0.49836373,0.5585499,0.47301868,0.39609703,0.5058757,0.36134744,0.572155,0.44896972,0.29998454,0.5558651,0.41631955,0.3684822
0.49135855,0.48278758,0.60185295,0.4142517,0.3634221,0.36070418,0.46761662,0.35617313,0.51200867,0.5315874,0.5303452,0.6365663,0.45592958,0.5202947,0.43080282,0.3247916,0.50238854,0.5576257,0.61412024,0.5712561,0.55313575,0.59454215,0.5317358,0.47126746,0.36976796,0.5190375,0.3985808,0.583013,0.50907457,0.5363794,0.46435344,0.50869423,0.5504664,0.5101681,0.46522015,0.421014,0.53181297,0.6753226,0.46957406,0.45415524,0.5189848,0.6019674,0.49303287,0.48265958,0.3600374,0.39103326,0.5607061,0.64541596,0.38399616,0.42917654,0.40789607,0.47070473,0.47533578
0.639802,0.51568353,0.35028934,0.51718956,0.40520582,0.37070388,0.38898572,0.4820054,0.49768996,0.48315552,0.46566486,0.4283035,0.7039646,0.6438299,0.4818895,0.37901595,0.38074905,0.48609045,0.56513035,0.41939962,0.511918,0.662728,0.5722767,0.44360876,0.548609,0.52790314,0.48225683,0.6212613,0.5124447,0.50930727,0.4445314,0.6036408,0.5076026,0.40477985,0.5195029,0.6031299,0.49510083,0.5323231,0.40595213,0.5671287,0.46019918,0.47647914,0.47194517,0.3946844,0.523831,0.38396373,0.5257929,0.6306377,0.5074049,0.5842527,0.5542591,0.42117676,0.5234624
0.55521226,0.4999578,0.42575863,0.5794716,0.48012602,0.47389522,0.43194613,0.52926385,0.53183585,0.49768227,0.54340404,0.44844213,0.57848877,0.4736541,0.57520884,0.4177143,0.59012145,0.43684837,0.47264817,0.5158084,0.5088046,0.61112547,0.5426255,0.54382825,0.48892,0.56754786,0.44966942,0.55583423,0.5623865,0.42331836,0.61330223,0.47953853,0.5023098,0.3268995,0.4266724,0.3992125,0.44761994,0.552,0.40756202,0.40714085,0.5692762,0.5710295,0.5132805,0.6160145,0.4455852,0.47178483,0.38632286,0.54391086,0.4703929,0.55263084,0.49119186,0.47633272,0.5337804
0.5729527,0.49963298,0.3796617,0.46036142,0.43339854,0.582608,0.39820966,0.6335505,0.45152867,0.5846481,0.5359593,0.57521856,0.6179066,0.45329753,0.63620716,0.45848167,0.427014,0.33648604,0.6283116,0.540113,0.41688588,0.52611136,0.44587383,0.46154794,0.53536856,0.5698514,0.39532706,0.5517111,0.60880435,0.6144894,0.5443443,0.4892339,0.49393356,0.34708437,0.45301417,0.5713217,0.4830814,0.55238426,0.43449774,0.48742628,0.40573156,0.57725495,0.47422683,0.33541042,0.56645966,0.61916554,0.5010278,0.5177922,0.45647752,0.50193983,0.57306075,0.41133484,0.47180045
0.4677309,0.45988986,0.41216168,0.45460036,0.4331567,0.57351094,0.4493301,0.56860405,0.39162526,0.5945384,0.5216301,0.5877759,0.51955867,0.46583253,0.63108647,0.53110546,0.39075682,0.33496463,0.67898405,0.57542115,0.3974515,0.5014973,0.41397035,0.34853762,0.53309506,0.52669615,0.3787182,0.559784,0.54421765,0.6453125,0.43535224,0.41103637,0.55207986,0.3636877,0.41136828,0.49537885,0.511887,0.51974154,0.474475,0.5680782,0.52603364,0.5295584,0.47323084,0.2710526,0.49777803,0.6376501,0.5543914,0.48845848,0.42043537,0.52154976,0.5693264,0.4328398,0.54149723
0.42083928,0.4633746,0.46330327,0.43846765,0.50284165,0.5429388,0.45701712,0.59108377,0.4474415,0.58805555,0.5411512,0.61550796,0.5623471,0.44008014,0.5622083,0.61950964,0.4739526,0.28666985,0.577835,0.57101494,0.5188732,0.48472443,0.39166737,0.5575923,0.5112137,0.49800634,0.3621107,0.46869156,0.563363,0.58836037,0.4158987,0.44706872,0.5568733,0.40750358,0.4413404,0.5635895,0.5288293,0.65009034,0.4735775,0.5224005,0.3748692,0.61692333,0.5853149,0.40118423,0.60224235,0.557744,0.5430175,0.43515363,0.49074122,0.43893316,0.505756,0.4538176,0.5257654
0.5713053,0.35482386,0.4545065,0.48323172,0.45806837,0.4559823,0.48332596,0.46467394,0.5004292,0.6073823,0.5173544,0.5769874,0.4957424,0.5656861,0.4719921,0.56500614,0.5481173,0.40706033,0.52663964,0.532085,0.44636962,0.54619855,0.4183452,0.50524426,0.49534488,0.38817328,0.6532863,0.6671785,0.3830134,0.55856055,0.4430328,0.4764635,0.60831064,0.39860186,0.4436339,0.5791927,0.48726195,0.4215902,0.43033823,0.42990547,0.5384408,0.5415962,0.602149,0.5188718,0.4854768,0.45786357,0.46466765,0.4859178,0.4529172,0.30407825,0.5124052,0.5441521,0.37749884
0.4678656,0.4143616,0.48245683,0.45947513,0.51358175,0.52993166,0.47600415,0.44649202,0.5279177,0.5491876,0.4427034,0.48237225,0.5272521,0.55407786,0.58589274,0.62818885,0.5549007,0.5314842,0.42763475,0.44171134,0.5394762,0.41903225,0.52466035,0.54726976,0.53166634,0.49873665,0.4815001,0.5225682,0.50067854,0.57859784,0.4218282,0.4901593,0.5474867,0.43795896,0.5200247,0.5783999,0.5291329,0.6100113,0.39929354,0.40464187,0.37688363,0.6210192,0.6285276,0.58272165,0.60694414,0.3628303,0.55827725,0.35199,0.47274145,0.26743504,0.41571125,0.41453293,0.47288546
0.53618366,0.4567963,0.34113935,0.5499241,0.4868858,0.49411243,0.5051922,0.5600264,0.48323184,0.5455421,0.5573019,0.66617507,0.48658293,0.42487338,0.49211326,0.5194292,0.39428517,0.4589383,0.5283726,0.567285,0.4180303,0.617756,0.36028185,0.51091737,0.6268145,0.48717794,0.43213072,0.6166595,0.5356942,0.62689465,0.506973,0.5130097,0.44643927,0.48100665,0.516389,0.56657517,0.45089814,0.57597643,0.4475055,0.4914779,0.45986786,0.52379,0.5632946,0.46123883,0.5463896,0.50474155,0.45846945,0.59980637,0.41946107,0.40574595,0.49126384,0.42150643,0.5863879
0.4858349,0.43225226,0.4589106,0.42802018,0.4994909,0.50443107,0.5784435,0.5986491,0.4198346,0.6078018,0.5493196,0.5091316,0.49134988,0.5439646,0.46339056,0.46371982,0.49293962,0.3974432,0.39573106,0.5714673,0.58738834,0.3990391,0.4823229,0.5094111,0.506874,0.4708805,0.4356328,0.6187301,0.53038466,0.6015843,0.5704523,0.4999798,0.43652916,0.5273362,0.49942273,0.48308784,0.46858403,0.683661,0.5913767,0.5389576,0.38893613,0.4193794,0.586137,0.553314,0.5137774,0.4038506,0.39195335,0.47930378,0.38931134,0.405429,0.4289786,0.42101038,0.4089216
0.5044199,0.3884871,0.41783658,0.47640967,0.48529464,0.45001736,0.4594869,0.57171196,0.4015983,0.56054753,0.442642,0.4918132,0.47269723,0.54936635,0.6401654,0.5055723,0.41392246,0.3897222,0.55335957,0.44276902,0.4417619,0.53174126,0.41163066,0.4769617,0.4370061,0.40728736,0.3982393,0.4485953,0.5024618,0.66493493,0.40746602,0.39326477,0.5836546,0.5175383,0.47069106,0.44698983,0.5495754,0.49283323,0.4344037,0.6601746,0.44512063,0.5133143,0.5271597,0.5144165,0.5979499,0.4832287,0.49028656,0.55387604,0.514807,0.38041365,0.46564838,0.5485798,0.34472474
0.48100695,0.42874032,0.5258696,0.39045176,0.53407806,0.53770626,0.4352503,0.6790814,0.58062285,0.5449595,0.5289186,0.5677857,0.5839935,0.48472068,0.58136445,0.50545317,0.42573303,0.3539243,0.5955417,0.601456,0.6025899,0.49394292,0.42199647,0.58393407,0.68234426,0.5714539,0.4613336,0.55895984,0.5255661,0.6108726,0.5101485,0.46735296,0.4787615,0.43364233,0.44047177,0.47847477,0.4525707,0.58791155,0.5103121,0.63436157,0.47222188,0.49996752,0.41905224,0.44490474,0.51873285,0.5278811,0.6323382,0.48836178,0.48156422,0.35556942,0.44215336,0.48967084,0.5369747
0.5402189,0.43153834,0.45347378,0.47571304,0.59290683,0.40032536,0.5399387,0.5134911,0.46653256,0.61410683,0.39848977,0.5547082,0.5243143,0.5790651,0.47347662,0.43796334,0.5309569,0.35238773,0.53295726,0.54329944,0.6514699,0.60553783,0.5805499,0.5390134,0.49564797,0.49094704,0.5344021,0.496926,0.57266617,0.6612032,0.54386723,0.5421807,0.50698054,0.60074425,0.52484274,0.54378545,0.5117736,0.5026472,0.5300089,0.47366196,0.28209853,0.53114223,0.6342447,0.5204774,0.5709725,0.38533655,0.3467575,0.44170776,0.39268485,0.45658243,0.4608114,0.37835962,0.43533555
0.4894246,0.52606595,0.5374378,0.52986276,0.4413207,0.52481407,0.36407903,0.467974,0.46530822,0.4881274,0.6332447,0.65921205,0.50809795,0.4859118,0.49978837,0.41687652,0.4321377,0.34955886,0.45400256,0.397877,0.36582932,0.5017914,0.39744306,0.46988,0.6268895,0.4532029,0.42803153,0.5168302,0.56298923,0.53126675,0.44257897,0.48634687,0.3884116,0.5362959,0.38246626,0.52342045,0.44652995,0.5481175,0.47003254,0.391924,0.45616946,0.44080263,0.42579442,0.5322362,0.43416843,0.49564722,0.4440836,0.47946146,0.37109727,0.32832894,0.40378177,0.50163597,0.5400687
0.55989844,0.45110568,0.5057067,0.50984764,0.5640614,0.46115485,0.51989007,0.46415117,0.4691759,0.49860248,0.48687315,0.6732997,0.46152174,0.53119135,0.503198,0.4947245,0.46348563,0.50027025,0.50106084,0.5086484,0.45132354,0.61746687,0.51372564,0.5491707,0.50120986,0.47380015,0.45685545,0.51517344,0.57286364,0.5634931,0.53662336,0.48328847,0.47546795,0.5384927,0.50727636,0.48311797,0.5099048,0.5350415,0.4121506,0.5397933,0.43906268,0.33450964,0.56179714,0.50939095,0.5492953,0.5126641,0.54121965,0.5273975,0.44270036,0.3474017,0.48484737,0.37307873,0.47071669
0.5675694,0.6191204,0.41309327,0.47265664,0.42376217,0.5637124,0.39464006,0.5406192,0.48822916,0.42749134,0.55937743,0.63431484,0.537557,0.39105374,0.54095966,0.44371852,0.42252463,0.43790856,0.65150553,0.5130503,0.41112798,0.5214089,0.53865856,0.44600794,0.58746165,0.5625944,0.48648044,0.5006149,0.51939917,0.48504406,0.5175744,0.58090585,0.4292793,0.42650676,0.48196664,0.49835947,0.41737044,0.62232256,0.49629134,0.4515835,0.4818385,0.46316418,0.55772054,0.46471033,0.4035185,0.5616651,0.5987731,0.43472624,0.34898752,0.43889344,0.5456179,0.5504002,0.56646085
0.5031164,0.539195,0.38838118,0.54717,0.28953022,0.50498754,0.5008204,0.43750563,0.3839315,0.46997467,0.55562574,0.5930584,0.4884051,0.45066354,0.49590442,0.53198457,0.41576543,0.39923856,0.6324138,0.4973413,0.3386853,0.56075877,0.49562046,0.51775575,0.5199463,0.4024642,0.41933545,0.53144044,0.60330755,0.5459366,0.36682066,0.45099792,0.39679357,0.5290132,0.5415971,0.51462734,0.47803283,0.5811808,0.47688594,0.5803998,0.4654437,0.51975244,0.5385395,0.4983681,0.57676363,0.4082819,0.4055275,0.53322136,0.4436398,0.35784772,0.51219136,0.5675746,0.43406346
0.5023545,0.5081915,0.50941545,0.5195784,0.5225784,0.54140633,0.2858439,0.54533094,0.5307745,0.49237865,0.6150374,0.4912044,0.5012754,0.5014012,0.5363643,0.45910558,0.42997158,0.45314085,0.48164153,0.6605583,0.42783898,0.4462881,0.44522136,0.6263311,0.59997004,0.46321782,0.58977765,0.47611958,0.53965807,0.44486937,0.45721403,0.51486903,0.53892124,0.46376523,0.38291487,0.46223858,0.45586216,0.600176,0.5104918,0.3844631,0.45950463,0.45974845,0.64381343,0.54775035,0.57631457,0.3966749,0.44917437,0.34543744,0.578483,0.49450022,0.44238803,0.5645582,0.4642386
0.5117527,0.40342888,0.5028721,0.6316231,0.43195271,0.5282374,0.45162338,0.4471162,0.50351506,0.47669977,0.5954888,0.49241185,0.47915256,0.46473432,0.50850654,0.5918916,0.4365683,0.40510663,0.472212,0.5295128,0.31020653,0.4699071,0.40986568,0.3355455,0.4453209,0.38482487,0.53601176,0.4961096,0.5100824,0.6242203,0.56527394,0.5065647,0.541039,0.4673491,0.47570962,0.5402527,0.4467642,0.56667763,0.45814237,0.41622654,0.3970988,0.57312465,0.59128475,0.5911187,0.45317525,0.49455848,0.35446942,0.3564239,0.48862264,0.31439444,0.41203645,0.5053086,0.4091995
0.5484138,0.4116684,0.4029444,0.440289,0.4909456,0.5533456,0.49019587,0.4687425,0.5467607,0.52081794,0.48842674,0.5961368,0.5401774,0.53453624,0.51452744,0.53250575,0.47750297,0.47384527,0.4894653,0.601991,0.47301197,0.5534745,0.48176965,0.51417726,0.452127,0.49878487,0.561758,0.6202002,0.48605976,0.5144369,0.5191268,0.38125503,0.561042,0.49272567,0.4917447,0.5818781,0.48991552,0.68810624,0.47992626,0.38079458,0.34335396,0.5017608,0.6793034,0.64935595,0.38869286,0.48230016,0.38855872,0.50565946,0.485037,0.3449543,0.49772137,0.5051765,0.37587363
0.54974467,0.5354453,0.43463326,0.7540993,0.49179268,0.5357725,0.45297262,0.4823483,0.4858734,0.52686703,0.50932306,0.5216926,0.5599503,0.3312022,0.5113761,0.49159455,0.3890613,0.46211016,0.41436106,0.53307945,0.4269753,0.54763436,0.45246482,0.60243636,0.5396234,0.34828284,0.51394904,0.49118328,0.66753227,0.5319606,0.4753321,0.3907399,0.4471485,0.60592914,0.5078324,0.43251145,0.5070308,0.59064126,0.43155384,0.4618955,0.40104496,0.5927287,0.72450733,0.5201888,0.6507819,0.38478503,0.3801477,0.49375454,0.59557277,0.28409413,0.44306546,0.4956755,0.34393737
0.52719057,0.5477217,0.3116513,0.58620036,0.40554416,0.66677225,0.52825147,0.57290345,0.4769867,0.45550048,0.5596024,0.60907507,0.5200909,0.4830052,0.44356927,0.41757163,0.38967186,0.50835115,0.44315314,0.41292584,0.41957995,0.51661277,0.55500007,0.5682504,0.5174103,0.46935079,0.4016371,0.493456,0.6464779,0.495279,0.5446337,0.49857274,0.50713617,0.44468424,0.44371563,0.55686826,0.41536975,0.5535585,0.43968415,0.45318067,0.32072386,0.4504724,0.5645569,0.5823004,0.6117828,0.5312556,0.3483544,0.47707748,0.5241095,0.38379773,0.5859766,0.42221624,0.4179142
0.49315327,0.56104904,0.36342067,0.6982905,0.43917987,0.5816944,0.46688813,0.5681186,0.33645955,0.45139512,0.47697076,0.53868806,0.40587193,0.38929424,0.47928035,0.4272394,0.5074858,0.45756957,0.5028505,0.43146816,0.4610332,0.5279331,0.55560887,0.57185835,0.6668994,0.37561986,0.52949256,0.5018369,0.66420984,0.59219456,0.57296383,0.5074539,0.48565996,0.61572427,0.51243275,0.5693352,0.4976688,0.5278383,0.4624835,0.52678156,0.38494593,0.51433724,0.53620833,0.6006753,0.52659976,0.42988625,0.39235437,0.5206708,0.46945938,0.35313645,0.55189425,0.39559624,0.4265986
0.44344544,0.5550679,0.38674617,0.61319804,0.4430971,0.504538,0.4942654,0.6072776,0.40438637,0.5410014,0.42394868,0.6359737,0.44063511,0.37580144,0.47156218,0.3942171,0.5497581,0.40798083,0.4393675,0.45236984,0.6033353,0.5321217,0.5234675,0.5630228,0.66781574,0.42839298,0.469083,0.46814772,0.61726266,0.6700233,0.5672586,0.55514073,0.48630098,0.60568345,0.5120848,0.5848021,0.5381653,0.63194084,0.49127892,0.4589297,0.2802275,0.50987446,0.5872534,0.5591037,0.50239575,0.40846315,0.43124172,0.48102984,0.39595076,0.31828836,0.49971965,0.35640574,0.3512948
0.4442233,0.5297716,0.48295724,0.5849438,0.5510325,0.502474,0.48536938,0.5293302,0.506018,0.57794636,0.49860618,0.56342065,0.5481371,0.37181857,0.59260565,0.55846775,0.53315413,0.417975,0.43204075,0.53767264,0.48528054,0.46242395,0.5474824,0.54478645,0.55720556,0.4093835,0.5990357,0.48103213,0.6070615,0.54153144,0.46039516,0.48870686,0.5356523,0.5887715,0.5099877,0.5303388,0.5672294,0.58666855,0.3652455,0.40114862,0.45473078,0.5100249,0.7254568,0.50065804,0.4950689,0.44725952,0.42801845,0.34266114,0.48729205,0.30470157,0.45181078,0.5343882,0.3965117
0.5089887,0.34574598,0.44632468,0.6687237,0.47694474,0.5180951,0.48131943,0.35411048,0.46433026,0.40471295,0.5547579,0.47398472,0.48515537,0.40902928,0.4906809,0.48576108,0.48518634,0.49523854,0.5215682,0.54172856,0.472055,0.6565256,0.41966423,0.5035829,0.6505841,0.4837407,0.49181452,0.44682822,0.5388265,0.59486276,0.49522427,0.27675664,0.5000297,0.5184787,0.5007789,0.49618232,0.5505252,0.59929085,0.4138593,0.39671576,0.5797183,0.48759723,0.56979555,0.6012135,0.49831897,0.4631872,0.5106912,0.6013936,0.46729985,0.2896206,0.48168546,0.46817333,0.47494233
0.45737326,0.4118614,0.36206517,0.44460756,0.44173342,0.5009053,0.40952936,0.53439045,0.49218488,0.46685815,0.55626273,0.52660495,0.5445737,0.4970286,0.477858,0.38339853,0.47324562,0.45636752,0.46098587,0.50381815,0.41584176,0.5322226,0.5681072,0.5003378,0.5261355,0.56557494,0.4532869,0.66199875,0.48733085,0.5506041,0.5814885,0.5026029,0.48888502,0.5387558,0.542881,0.40012822,0.499272,0.56471795,0.43087256,0.45827088,0.5003952,0.41414818,0.54525703,0.50284034,0.49955824,0.53477854,0.43616116,0.6075972,0.48428574,0.41963503,0.41555485,0.44958693,0.43994024
0.5334543,0.44188058,0.54306644,0.51080364,0.36136335,0.47554132,0.54644877,0.46861762,0.37623644,0.39742815,0.5381043,0.5412633,0.47666943,0.52625686,0.40901867,0.38156885,0.41371158,0.44493878,0.5637983,0.46382606,0.62468237,0.60241556,0.56727344,0.58034843,0.5966155,0.38245955,0.41883332,0.62555915,0.382299,0.47178325,0.5247438,0.44296616,0.37153628,0.4869162,0.42317927,0.48866048,0.43159384,0.628195,0.50963414,0.49117017,0.45354083,0.41846666,0.48606056,0.43117377,0.45953503,0.5236481,0.49722332,0.4937146,0.43362594,0.27522004,0.41230008,0.61658394,0.49764058
0.4557628,0.36573696,0.5326899,0.4738457,0.4244298,0.58717823,0.49778742,0.40238297,0.40689537,0.3988644,0.595047,0.5417906,0.42232394,0.55142576,0.3780287,0.37821302,0.33219028,0.43565127,0.5286699,0.54105353,0.50351983,0.567424,0.43640316,0.54008085,0.48803645,0.40963498,0.42879182,0.48862725,0.4334674,0.5333241,0.4362399,0.44345418,0.47539,0.60384345,0.44547585,0.43509513,0.4215209,0.5174721,0.44006777,0.4366851,0.50999075,0.44630235,0.53594935,0.5166471,0.396073,0.50796765,0.48748225,0.6102532,0.4434505,0.25587106,0.46493074,0.46993613,0.6177152
0.449473,0.32746986,0.41916496,0.5078727,0.41145048,0.50156987,0.49223512,0.4739921,0.47870165,0.39136901,0.43315724,0.6015017,0.50350887,0.6077581,0.51597303,0.649171,0.46185488,0.51794946,0.49217305,0.6148432,0.48750353,0.5550608,0.5683896,0.3354974,0.4138549,0.49560222,0.5778829,0.6491356,0.50606376,0.6274912,0.50168735,0.40635532,0.4897987,0.48418763,0.5243171,0.53685427,0.59991443,0.55437374,0.3964083,0.4816026,0.34595227,0.42529884,0.6889143,0.44679907,0.6375801,0.4447232,0.48293212,0.48504704,0.5257293,0.40782112,0.53024787,0.36611933,0.33956158
0.4053095,0.5246044,0.47926396,0.53407305,0.487322,0.63577217,0.5273388,0.5269281,0.5359857,0.38745934,0.5849419,0.63842535,0.37474632,0.53438354,0.4889589,0.59113103,0.43331614,0.53597575,0.36310327,0.5189387,0.47231844,0.4858404,0.58297896,0.53018486,0.5144344,0.4467752,0.50404817,0.5260571,0.42610595,0.5407611,0.41689548,0.5071921,0.5190181,0.4905427,0.41476718,0.56153107,0.5012128,0.6122663,0.46342105,0.4132302,0.37278017,0.51516134,0.7296891,0.52237505,0.50017476,0.42611888,0.39229497,0.4242771,0.4796885,0.40441072,0.47028327,0.4093808,0.30293813
0.5633664,0.49895933,0.47182494,0.709157,0.404457,0.5103394,0.5327772,0.54242635,0.56069547,0.5902832,0.56908226,0.5294342,0.53730834,0.46178484,0.46241552,0.5362656,0.4545458,0.5361632,0.48444444,0.42955524,0.49178466,0.535055,0.38918385,0.44603193,0.6057335,0.48123354,0.45698187,0.6132738,0.58306205,0.5803192,0.59536284,0.47764653,0.41252774,0.48030338,0.52164537,0.58709747,0.4382497,0.555968,0.40683645,0.45335153,0.3696058,0.5078925,0.54389995,0.52155286,0.53945416,0.41576555,0.30443692,0.51382625,0.40316603,0.33704495,0.33873028,0.38827994,0.39902923
0.44301662,0.40271568,0.54049397,0.5624123,0.48963574,0.462128,0.5281714,0.4954089,0.50410056,0.49250332,0.57773864,0.57617754,0.43667895,0.45210513,0.44867778,0.5911742,0.38775867,0.4659708,0.48664853,0.44347724,0.45023543,0.57617337,0.41687,0.44157997,0.4252608,0.43320876,0.49584472,0.55567443,0.5627169,0.6565529,0.48402366,0.50472003,0.5275403,0.50194764,0.50674736,0.52823097,0.5128873,0.5357587,0.5345519,0.57258654,0.27122182,0.42328185,0.6352219,0.5945716,0.5199868,0.47204858,0.49367973,0.5000632,0.4675668,0.2558759,0.4503812,0.33334476,0.356324
0.3889817,0.36677155,0.3881656,0.51385075,0.28150615,0.55263,0.5717549,0.5234118,0.5718456,0.46536246,0.56874055,0.6724147,0.58805895,0.39648974,0.3504002,0.44602358,0.4761401,0.63564813,0.5157721,0.49249724,0.4771938,0.62186694,0.42726395,0.5237309,0.5763729,0.49650583,0.49536595,0.6430464,0.5925384,0.63357615,0.5669043,0.49311465,0.50415033,0.47692788,0.4336232,0.59215707,0.53606606,0.5234976,0.32669842,0.5564632,0.3850191,0.5946526,0.48564628,0.57378376,0.54823065,0.46560138,0.43842784,0.5473219,0.40490174,0.23100983,0.59222925,0.48051903,0.39911145
0.41320017,0.51241636,0.55583745,0.5953859,0.37334543,0.49212205,0.45354962,0.4610321,0.3929959,0.30486223,0.540853,0.59694487,0.4453595,0.444507,0.5054389,0.36154357,0.34283543,0.47076413,0.41846013,0.323315,0.40617755,0.62227654,0.44697234,0.46368548,0.53832716,0.49000075,0.4731422,0.47203285,0.48771498,0.4982637,0.50443906,0.4245283,0.47540906,0.411988,0.35499817,0.4629956,0.3599137,0.49745196,0.42514297,0.517547,0.39636287,0.43872243,0.41598096,0.5394316,0.42121914,0.58436435,0.39131087,0.45149174,0.39818648,0.26684844,0.46127525,0.4708491,0.39854836
0.48302755,0.45175833,0.3772275,0.56540704,0.48948282,0.5060826,0.54683095,0.5631182,0.5360009,0.46579406,0.47231498,0.6433678,0.47420436,0.43365225,0.3648169,0.47134313,0.4816107,0.49314892,0.43598756,0.561733,0.4715046,0.51339316,0.52294564,0.49015072,0.5660202,0.5098004,0.51532805,0.57221764,0.6033315,0.5308347,0.62574255,0.44275257,0.3909107,0.5282657,0.49359706,0.5061973,0.57215345,0.55986744,0.38551244,0.37156835,0.30308053,0.49619234,0.7178518,0.5553628,0.5375002,0.43976626,0.41441184,0.4208112,0.36538276,0.3172758,0.48040426,0.4534374,0.39667055
0.5491723,0.43083012,0.54647,0.50591433,0.5315342,0.4765801,0.412583,0.5713985,0.5215501,0.519665,0.45686176,0.5855016,0.53377736,0.38551226,0.5153244,0.54660165,0.48585832,0.50449634,0.49846485,0.4633736,0.5156921,0.5028112,0.40424132,0.55003643,0.57708013,0.554022,0.51475614,0.44029418,0.6889622,0.595583,0.4443207,0.462504,0.42611226,0.35649475,0.43903002,0.49657643,0.5119943,0.6079175,0.33264846,0.52559155,0.47957894,0.5641465,0.5995963,0.54613435,0.5486681,0.46551126,0.5402947,0.39194137,0.3869212,0.32884273,0.4674314,0.42722973,0.37601316
0.55873203,0.4294718,0.52580804,0.44355705,0.3218823,0.5077636,0.4768253,0.4782464,0.40072304,0.50048023,0.58283657,0.6269403,0.3447749,0.46659887,0.4245467,0.56890345,0.28252205,0.43589,0.4751059,0.43108097,0.33388782,0.54594487,0.45904788,0.44867927,0.51663506,0.46614566,0.49667323,0.37835935,0.48726082,0.6906635,0.3645973,0.50528806,0.52405494,0.50568336,0.39078975,0.645255,0.59166276,0.403103,0.48590678,0.5092961,0.456582,0.38335964,0.62247604,0.50500214,0.5638452,0.4246484,0.5963734,0.5447866,0.4952786,0.34549394,0.49576807,0.4137496,0.4846803
0.587365,0.40194437,0.48508477,0.570573,0.51091343,0.566664,0.464155,0.5716403,0.60842574,0.4749706,0.45776537,0.57589644,0.48918015,0.5251458,0.5342653,0.57614183,0.5424918,0.59005976,0.3549036,0.510773,0.3945724,0.50434107,0.5209874,0.52883416,0.4850454,0.4692818,0.6688564,0.55005527,0.64916015,0.5432963,0.46070072,0.5741177,0.5951409,0.35983032,0.4467701,0.47295168,0.5146117,0.5702195,0.44031674,0.45246682,0.39997235,0.46189454,0.65438616,0.5372808,0.5677525,0.35067597,0.40986192,0.4450789,0.44682384,0.28758174,0.36765417,0.41231444,0.32898536
0.43736216,0.50169396,0.55842894,0.43615112,0.43106022,0.59962326,0.51427495,0.5917549,0.5018305,0.5236664,0.55275977,0.4246228,0.56313354,0.5249852,0.42910975,0.47789404,0.36189878,0.4519207,0.68588203,0.5759511,0.36446747,0.5778466,0.35684136,0.4480371,0.51435155,0.51444924,0.43548274,0.47289667,0.5128963,0.51940084,0.48192918,0.5182562,0.46761593,0.47641978,0.45826155,0.5274906,0.46679097,0.65454215,0.45428392,0.5673626,0.39590824,0.45764434,0.6360594,0.4490991,0.49587545,0.5552624,0.42692402,0.49248812,0.4860662,0.4517948,0.49888015,0.44690296,0.41419742
0.4672631,0.4540605,0.49990454,0.49169415,0.40703037,0.57585955,0.55991405,0.6383523,0.41602945,0.54095584,0.5152273,0.5248582,0.54504913,0.47804922,0.5446278,0.41970253,0.4697946,0.40755057,0.5709702,0.5947356,0.37108797,0.5709756,0.42112374,0.4512743,0.50664645,0.52960265,0.4350232,0.52443284,0.48988086,0.54956967,0.57331455,0.5455076,0.53290135,0.4717675,0.42421556,0.53272593,0.46240065,0.54988635,0.43042907,0.4988868,0.47477728,0.46301323,0.46133634,0.34832877,0.46255323,0.50704056,0.44574097,0.5083989,0.39349675,0.4012299,0.4304614,0.5432918,0.474905
0.548506,0.39194033,0.39672366,0.5330361,0.5069625,0.48153856,0.4642819,0.54716325,0.4474223,0.5105666,0.58034796,0.5583633,0.43908608,0.47175428,0.60431665,0.5603368,0.4490511,0.46492353,0.41580287,0.4694311,0.5010174,0.5526519,0.40878704,0.55397904,0.46265292,0.4590505,0.5766146,0.5480744,0.44492164,0.68155414,0.44618282,0.4656476,0.5889973,0.43508917,0.53816223,0.4470207,0.43438578,0.47462082,0.44121173,0.47486985,0.508321,0.5153221,0.45925552,0.5941964,0.4707936,0.51681376,0.38900912,0.4998549,0.42665717,0.34054843,0.49850264,0.44070384,0.36106738
0.61062086,0.55041486,0.46218002,0.6086774,0.5392842,0.38912913,0.47180787,0.418253,0.39200667,0.39221412,0.3526688,0.52740544,0.6249951,0.46434757,0.4992741,0.48257884,0.46166337,0.50465715,0.41881573,0.5744781,0.4631182,0.6462456,0.4613534,0.59242904,0.5069455,0.33471614,0.5259661,0.644748,0.5851644,0.5284187,0.4676485,0.4814601,0.4892924,0.45824093,0.50914186,0.436288,0.42155197,0.5723101,0.3828377,0.52569115,0.54026914,0.41800833,0.6596363,0.56282,0.5514347,0.46224725,0.43156454,0.44246456,0.5374033,0.28559315,0.48803693,0.63087684,0.515634
0.61029166,0.5339893,0.5038668,0.6633945,0.4519571,0.5648168,0.4547232,0.47787037,0.4575645,0.5333445,0.598411,0.49560907,0.5741564,0.52047527,0.54936254,0.4252855,0.41705593,0.4398774,0.453538,0.51469684,0.48604748,0.5733548,0.3939628,0.4568015,0.603696,0.40606433,0.5151141,0.57825726,0.53166157,0.5422778,0.49112606,0.4744216,0.4347843,0.48808923,0.4372376,0.56508034,0.40782025,0.5422336,0.44885886,0.5563256,0.559107,0.529806,0.59384155,0.575294,0.53086215,0.42913526,0.3719975,0.45441478,0.539591,0.31359452,0.40597358,0.6314975,0.5083997
0.48430532,0.45996127,0.42591912,0.44910443,0.55697393,0.45752868,0.44560128,0.7009351,0.53437304,0.5870083,0.5068591,0.4683647,0.5728297,0.5311848,0.603253,0.5424285,0.4610405,0.31833038,0.51384926,0.61217755,0.45129684,0.6154874,0.4807305,0.5189164,0.44936508,0.5587386,0.48984802,0.4334147,0.58318496,0.6126047,0.6287204,0.54823685,0.5782474,0.48402107,0.5216067,0.47263855,0.57334065,0.5390185,0.4988063,0.45936677,0.4436517,0.49586233,0.5768453,0.46685892,0.56620514,0.55841506,0.49082306,0.42910984,0.3971197,0.60970074,0.48377633,0.5129767,0.42909464
0.6375397,0.4573191,0.44633874,0.58481246,0.38374317,0.5879613,0.5282585,0.56623006,0.60454744,0.5471944,0.58510107,0.6663241,0.47731647,0.4669449,0.42237464,0.58537364,0.4364653,0.50624365,0.5598956,0.4996518,0.37537616,0.63342017,0.5587932,0.42107174,0.63473433,0.5924074,0.5690445,0.49692264,0.5669957,0.5647868,0.6182269,0.55566984,0.500301,0.52217126,0.48914525,0.57698774,0.3901769,0.57192874,0.4568746,0.37050435,0.390605,0.44086698,0.66001946,0.5116998,0.4562207,0.37290534,0.55653626,0.4697083,0.41620862,0.44538268,0.4371499,0.5329024,0.3981572
0.5077642,0.4878081,0.43049482,0.5317475,0.44689038,0.58124506,0.5114107,0.47597218,0.48626772,0.40753043,0.5185147,0.5736123,0.5598073,0.6513903,0.4398037,0.4851649,0.45119885,0.43193755,0.4631901,0.44383067,0.4417956,0.51092196,0.43325612,0.39915606,0.49484462,0.45388302,0.37704226,0.5277847,0.42614,0.45052597,0.4509018,0.5208689,0.44261175,0.42280558,0.49150786,0.4695888,0.30878255,0.5989048,0.4122079,0.60102206,0.35538456,0.42161003,0.4400139,0.46002835,0.53372675,0.501877,0.34414697,0.48470303,0.49732232,0.35909256,0.36432108,0.5741708,0.5067223
0.46090433,0.34444308,0.5308993,0.60243416,0.5567094,0.50178707,0.47002882,0.47659403,0.48353094,0.5089357,0.52470845,0.44581053,0.4833025,0.55706,0.5439269,0.6062745,0.5127789,0.5068401,0.37087607,0.51685166,0.41083723,0.5439728,0.4781446,0.5199844,0.48087415,0.3245545,0.58024454,0.49935067,0.49292096,0.67025733,0.45240736,0.46571025,0.6201529,0.44326878,0.44136834,0.409866,0.42988178,0.585424,0.46922058,0.5114898,0.4675228,0.49567282,0.66583914,0.6474712,0.46100605,0.4017678,0.44711173,0.31302792,0.51532763,0.31619745,0.42946678,0.57056564,0.4155252
0.5022834,0.50677335,0.44151676,0.48141056,0.5341151,0.49020284,0.5509317,0.53840214,0.5524384,0.4936421,0.49972585,0.6446541,0.5024644,0.52106434,0.43278626,0.3770721,0.53429747,0.42749953,0.48244718,0.44017395,0.5976166,0.57834953,0.58317226,0.54212147,0.49465665,0.45799446,0.39763296,0.45489886,0.60698456,0.64290994,0.59035337,0.49763757,0.4963603,0.44610593,0.5043986,0.5072141,0.53535473,0.5957407,0.48199394,0.5054477,0.37116843,0.49079964,0.59630114,0.5957278,0.5987429,0.5075407,0.45714176,0.45139906,0.45826116,0.42713472,0.48636332,0.37547162,0.46338814
0.66600156,0.5106055,0.39706132,0.5461614,0.45967868,0.53897333,0.4555474,0.5161027,0.6041023,0.5251613,0.5185166,0.5852294,0.52842903,0.5565241,0.5287618,0.33205625,0.52102953,0.47798783,0.45809755,0.46214142,0.5621835,0.48816755,0.6038037,0.46118417,0.5484985,0.5217591,0.49584872,0.6053608,0.6205504,0.5852239,0.56704795,0.5769725,0.47616887,0.5169756,0.48070246,0.6253638,0.5462857,0.49378994,0.49315244,0.45979524,0.4396016,0.5155564,0.64117247,0.52686334,0.5776049,0.37047148,0.42759046,0.4373085,0.4919715,0.4329787,0.4232082,0.4042732,0.5050258
0.44560236,0.40154338,0.41599447,0.49790514,0.45855215,0.54394734,0.5380429,0.5390876,0.52118725,0.5255999,0.5221765,0.5763594,0.5399184,0.59021354,0.53112024,0.4610894,0.4915567,0.39297855,0.48090938,0.54145145,0.47308174,0.49066,0.41022182,0.45705658,0.4762941,0.47755077,0.5118283,0.5220854,0.55766964,0.60811275,0.5488673,0.47461298,0.47986415,0.48810786,0.3808215,0.6661381,0.4741891,0.59912586,0.4053461,0.55085343,0.30309573,0.4509408,0.63970375,0.57753855,0.5201432,0.47785616,0.32581392,0.38007146,0.43456566,0.32485384,0.51365656,0.37851918,0.38460702
0.50501996,0.50708795,0.50143284,0.507111,0.43809798,0.5652332,0.4132065,0.442712,0.5377833,0.479028,0.5385623,0.58967227,0.52585036,0.5348081,0.38708553,0.48438817,0.5057612,0.583903,0.53756696,0.68427134,0.61519116,0.51114684,0.5125949,0.56079024,0.6381567,0.48335636,0.5897352,0.6532833,0.44477752,0.34834677,0.52137107,0.45398772,0.4567942,0.44180006,0.4530078,0.53330094,0.4032888,0.5819078,0.4066902,0.44759688,0.52916574,0.33526686,0.5712311,0.45517778,0.5100031,0.4481684,0.49321687,0.49159968,0.40877223,0.5406753,0.4095377,0.5266074,0.44242626
0.53202575,0.54632586,0.45855224,0.6006481,0.52887857,0.51271886,0.5104141,0.41944784,0.66551685,0.39937308,0.572548,0.4844821,0.45428702,0.47479728,0.5457081,0.46405238,0.5764237,0.53249216,0.49700537,0.6373456,0.54059494,0.5278476,0.4519881,0.49793446,0.50382537,0.5244652,0.5397091,0.42441678,0.54757583,0.6022771,0.5850201,0.45928413,0.48002687,0.44127566,0.53639823,0.34900823,0.44599995,0.6215694,0.41464195,0.33653656,0.50521123,0.5254783,0.5726194,0.5064913,0.49714294,0.6169259,0.48681608,0.5088863,0.42695627,0.53618824,0.39872795,0.51381314,0.56293166
0.54854715,0.4714179,0.47698992,0.594302,0.5304783,0.63270164,0.52346075,0.5597875,0.5447751,0.60493344,0.43111527,0.69234693,0.51565474,0.62458473,0.49648413,0.4622497,0.43546474,0.52925867,0.48171443,0.650628,0.5999374,0.5653658,0.41624042,0.55044955,0.5926671,0.49021786,0.52652806,0.63895214,0.4402961,0.40080637,0.55017614,0.4561415,0.46535468,0.51079595,0.4775558,0.55161935,0.4186448,0.55370486,0.35841444,0.5082402,0.5075746,0.3395987,0.62364036,0.44378507,0.59282243,0.5478539,0.46409294,0.45008922,0.34083107,0.46865654,0.49983907,0.5447787,0.4716448
